INSERT INTO country (id, country_name, continent) VALUES
(1, 'Україна', 'Європа'), (2, 'США', 'Північна Америка'), (3, 'Канада', 'Північна Америка'),
(4, 'Бразилія', 'Південна Америка'), (5, 'Аргентина', 'Південна Америка'), (6, 'Франція', 'Європа'),
(7, 'Німеччина', 'Європа'), (8, 'Японія', 'Азія'), (9, 'Китай', 'Азія'), (10, 'Єгипет', 'Африка'),
(11, 'Італія', 'Європа'), (12, 'Іспанія', 'Європа'), (13, 'Польща', 'Європа'),
(14, 'Мексика', 'Північна Америка'), (15, 'Колумбія', 'Південна Америка'), (16, 'Чилі', 'Південна Америка'),
(17, 'Індія', 'Азія'), (18, 'Південна Корея', 'Азія'), (19, 'Саудівська Аравія', 'Азія'),
(20, 'ПАР', 'Африка'), (21, 'Алжир', 'Африка'), (22, 'Нігерія', 'Африка'),
(23, 'Велика Британія', 'Європа'), (24, 'Туреччина', 'Азія'), (25, 'Індонезія', 'Азія');



INSERT INTO city (city_name, id_country) VALUES
('Київ', 1), ('Львів', 1), ('Нью-Йорк', 2), ('Лос-Анджелес', 2), ('Торонто', 3),
('Монреаль', 3), ('Ріо-де-Жанейро', 4), ('Сан-Паулу', 4), ('Буенос-Айрес', 5),
('Париж', 6), ('Марсель', 6), ('Берлін', 7), ('Мюнхен', 7), ('Токіо', 8), 
('Осака', 8), ('Шанхай', 9), ('Пекін', 9), ('Каїр', 10), ('Олександрія', 10), 
('Рим', 11), ('Мілан', 11), ('Мадрид', 12), ('Барселона', 12), ('Варшава', 13), 
('Краків', 13), ('Мехіко', 14), ('Гвадалахара', 14), ('Богота', 15), 
('Медельїн', 15), ('Сантьяго', 16), ('Вальпараїсо', 16), ('Делі', 17), 
('Мумбаї', 17), ('Сеул', 18), ('Інчхон', 18), ('Ер-Ріяд', 19), ('Джидда', 19), 
('Йоганнесбург', 20), ('Кейптаун', 20), ('Алжир', 21), ('Оран', 21), 
('Лагос', 22), ('Абуджа', 22), ('Лондон', 23), ('Манчестер', 23), 
('Стамбул', 24), ('Анкара', 24), ('Джакарта', 25), ('Сурабая', 25);


INSERT INTO tour_type (`type`, restriction) VALUES
('Пляжні', 'Не для людей з інвалідністю або маленькими дітьми.'),
('Екскурсійні', 'Не людям з обмеженою рухливістю.'),
('Оздоровчі (відпочинок)', 'Заборонено при серйозних хворобах. Рекомендовано з 21 року.');


INSERT INTO tourist (full_name, phone_number, email, date_of_birth) VALUES
('Євгенія Сафін', '0501234567', 'jen_saf@gmail.com', '1990-05-15'),
('Аліна Старкова', '0677654321', 'AlinaSanta@gmail.com', '1985-08-22'),
('Микола Ланцов', '0931112233', 'Myckhah@gmail.com', '1992-12-10'),
('Натан Берн', '0953334455', 'Nathanwild@gmail.com', '1988-03-05'),
('Зоя Назялєвська', '0448765432', 'ZojaNan@gmail.com', '1995-11-18'),
('Мал Оретцев', '0509876543', 'oretcev@gmail.com', '2000-07-30'),
('Ніна Зенік', '0961237890', 'zenick@gmail.com', '1993-09-25');


INSERT INTO job_position (name_position) VALUES
('Гід'),
('Працівник'),
('Директор'),
('Адміністратор');


INSERT INTO employee (full_name, id_position, phone_number) VALUES
('Роман Руденко', 1, '0501234567'),  -- Гід
('Остап Чупарський', 4, '0677654321'),  -- Адміністратор
('Борис Мурштейко', 3, '0931112233'),  -- Директор
('Андрій Андрієнко', 2, '0953334455');  -- Працівник


INSERT INTO hotel (name_hotel, id_city, address, rating, contact_info) VALUES
('Готель "Світло"', 1, 'вул. Центральна, 10', 4.5, '0501234567'),
('Готель "Турист"', 2, 'пр. Свободи, 15', 4.2, '0677654321'),
('Готель "Панорама"', 3, 'Ейв авеню, 5', 4.7, '0931112233'),
('Готель "Каліфорнія"', 4, 'Сансет бульвар, 22', 4.3, '0999988776'),
('Готель "Мапл Ліф"', 5, 'вул. Королеви, 88', 4.6, '0975556677'),
('Готель "Монреаль Плаза"', 6, 'Вулиця Сент-Катрін, 101', 4.4, '0963456789'),
('Готель "Рів’єра"', 7, 'вул. Приморська, 8', 4.8, '0953334455'),
('Готель "Сан-Паулу Інн"', 8, 'площа Пауліста, 900', 4.1, '0912233445'),
('Готель "Європа"', 9, 'вул. Європейська, 20', 3.9, '0448765432'),
('Готель "Люкс Парі"', 10, 'Єлисейські поля, 66', 4.9, '0936547891'),
('Готель "Берлін Сіті"', 11, 'Унтер ден Лінден, 5', 4.3, '0682345678'),
('Готель "Сакура"', 12, 'вул. Сібуя, 3-2-1', 4.6, '0921122334'),
('Готель "Шанхай Гранд"', 13, 'Нанкінська дорога, 12', 4.4, '0945566778'),
('Готель "Ніл Палас"', 14, 'вул. Сфінксів, 17', 4.0, '0662345671'),
('Готель "Колізей"', 15, 'вул. Національна, 45', 4.7, '0931234561'),
('Готель "Сонце Іспанії"', 16, 'Велика вулиця, 101', 4.1, '0914567890'),
('Готель "Злата Варшава"', 17, 'вул. Краківська, 22', 4.2, '0972223331'),
('Готель "Ацтек"', 18, 'площа реформи, 78', 4.0, '0957788990'),
('Готель "Андес"', 19, 'вул. Гонки 7, 58', 3.8, '0981122446'),
('Готель "Південний Хрест"', 20, 'авеню Провіденсія, 34', 4.3, '0991231234'),
('Готель "Морський бриз"', 21, 'вул. Прибережна, 12', 4.2, '0502345612'),
('Готель "Дольче Віта"', 22, 'вул. Моди, 7', 4.5, '0671230987'),
('Готель "Іберія"', 23, 'вул. Гран Віа, 45', 4.3, '0634567890'),
('Готель "Каталонія"', 24, 'пр. Гауді, 3', 4.7, '0992223334'),
('Готель "Старе Місто"', 25, 'вул. Королівська, 13', 4.0, '0961122334'),
('Готель "Дракон"', 26, 'вул. Легенд, 9', 4.1, '0942233445'),
('Готель "Сієрра"', 27, 'пр. Інка, 5', 3.9, '0955566771'),
('Готель "Андінець"', 28, 'вул. Андрес Бельйо, 28', 4.2, '0988877665'),
('Готель "Сонячна долина"', 29, 'вул. Невдача, 77', 4.1, '0935556677'),
('Готель "Латино"', 30, 'вул. Поетів, 8', 4.0, '0679988776'),
('Готель "Тадж Палац"', 31, 'вул. Рохіні, 22', 4.4, '0912345678'),
('Готель "Мумбаї Голд"', 32, 'пр. Боллівуд, 101', 4.6, '0938761234'),
('Готель "Корея Палас"', 33, 'вул. Техно, 4', 4.5, '0504455667'),
('Готель "Інчхон Блю"', 34, 'пр. Хан, 19', 4.3, '0672233445'),
('Готель "Піщані Вежі"', 35, 'вул. Арабська, 11', 4.0, '0981234567'),
('Готель "Червоне море"', 36, 'пр. Узбережжя, 88', 3.8, '0943322110'),
('Готель "Африка Центр"', 37, 'вул. Сонячна, 7', 4.1, '0968765432'),
('Готель "Кейп Люкс"', 38, 'пр. Атлантичний, 22', 4.2, '0953322111'),
('Готель "Алжир Сіті"', 39, 'вул. Магриб, 10', 3.9, '0995566443'),
('Готель "Оазис Оран"', 40, 'пр. Сахара, 5', 4.0, '0931199887'),
('Готель "Лагос Резорт"', 41, 'вул. Лагунна, 33', 4.3, '0974455667'),
('Готель "Абуджа Гранд"', 42, 'пр. Незалежності, 90', 4.5, '0926677889'),
('Готель "Лондон Парк"', 43, 'Гайд Парк Роуд, 12', 4.7, '0959988771'),
('Готель "Манчестер Тауер"', 44, 'вул. Ольд Траффорд, 3', 4.4, '0912233445'),
('Готель "Ая Софія"', 45, 'вул. Історична, 18', 4.6, '0935566778'),
('Готель "Анкара Інн"', 46, 'пр. Республіки, 77', 4.2, '0973344556'),
('Готель "Острів Балі"', 47, 'вул. Тропічна, 9', 4.1, '0997766554'),
('Готель "Сурабая Лайт"', 48, 'пр. Яванський, 4', 3.9, '0924455661'),
('Готель "Джакарта Бей"', 49, 'вул. Індонезійська, 15', 4.0, '0967888990');


INSERT INTO type_transport (id, type_transport) VALUES
(1, 'Автобус'),
(2, 'Поїзд'),
(3, 'Літак'),
(4, 'Автомобіль'),
(5, 'Корабель');


INSERT INTO transport (id_type_transport, departure_time, arrival_time) VALUES
(1, '2025-04-10 08:00:00', '2025-04-10 14:30:00'),
(2, '2025-04-11 09:15:00', '2025-04-11 18:45:00'),
(3, '2025-04-12 12:00:00', '2025-04-12 15:30:00'),
(4, '2025-04-13 07:30:00', '2025-04-13 12:00:00'),
(5, '2025-04-14 10:00:00', '2025-04-14 22:00:00'),
(1, '2025-04-15 06:45:00', '2025-04-15 13:00:00'),
(2, '2025-04-15 14:00:00', '2025-04-15 22:00:00'),
(3, '2025-04-16 08:30:00', '2025-04-16 11:00:00'),
(4, '2025-04-16 15:15:00', '2025-04-16 20:00:00'),
(5, '2025-04-17 09:00:00', '2025-04-17 21:00:00'),
(1, '2025-04-18 05:30:00', '2025-04-18 12:00:00'),
(2, '2025-04-18 13:45:00', '2025-04-18 23:15:00'),
(3, '2025-04-19 10:00:00', '2025-04-19 13:00:00'),
(4, '2025-04-20 07:00:00', '2025-04-20 11:30:00'),
(5, '2025-04-21 16:30:00', '2025-04-22 04:30:00'),
(1, '2025-04-22 09:15:00', '2025-04-22 15:45:00'),
(2, '2025-04-23 10:00:00', '2025-04-23 18:00:00'),
(3, '2025-04-23 12:30:00', '2025-04-23 15:00:00'),
(4, '2025-04-24 06:00:00', '2025-04-24 10:30:00'),
(5, '2025-04-25 11:00:00', '2025-04-25 23:00:00');

INSERT INTO food (type_food, price_per_meal) VALUES
('Сніданок', 150.00),
('Обід', 250.00),
('Вечеря', 220.00),
('Шведський стіл', 500.00),
('Вегетаріанське меню', 200.00);


INSERT INTO voucher_1 (name_vaucher, id_hotel, duration, id_tour_type, id_transport, description, id_food, seats) VALUES
('Тур по містах Європи', 9, 10, 2, 3, 'Пориньте у чарівний світ стародавніх міст Європи, де історія і сучасність поєднуються на кожному кроці. Ваш маршрут розпочнеться у Парижі, де ви зможете насолодитись елегантною архітектурою, прогулянками по набережним Сени і відвідинами музеїв. Далі вирушимо до Лондона, де вас чекатиме Букінгемський палац та величезна кількість цікавих місць. Переміщення між містами здійснюватиметься зручним літаком.', 3, 20);

INSERT INTO voucher_1 (name_vaucher, id_hotel, duration, id_tour_type, id_transport, description, id_food, seats) VALUES
('Пригоди на пісках Сахари', 40, 12, 1, 4, 'Зануртесь у загадкову атмосферу Сахари! Протягом цього неймовірного туру ви будете кататися на верблюдах, спостерігати неймовірні пейзажі пустелі та ночувати під зірковим небом. Відпочинок на гарячих пісках, відвідування оазисів та захоплюючі екскурсії чекають на вас. Транспорт - автомобіль, що дасть вам можливість насолоджуватись всіма красотами маршруту.', 5, 15);

INSERT INTO voucher_1 (name_vaucher, id_hotel, duration, id_tour_type, id_transport, description, id_food, seats) VALUES
('Іспанська романтика', 22, 7, 2, 3, 'Пориньте в атмосферу Іспанії з її величними палацами, піщаними пляжами та неперевершеною кухнею. Під час цього туру ви відвідаєте Барселону та Мадрид, а також насолодитесь прогулянками по історичних вуличках та кафе. У дорозі - літак, що гарантує комфорт.', 2, 20);

INSERT INTO voucher_1 (name_vaucher, id_hotel, duration, id_tour_type, id_transport, description, id_food, seats) VALUES
('Відпочинок на Карибах', 7, 10, 1, 5, 'Відчуйте тепло сонця на островах Карибського моря. Відпочивайте на пляжах з білосніжним піском, насолоджуйтесь морськими купаннями та смакуйте екзотичні страви місцевої кухні. Переміщення між островами здійснюється на комфортному кораблі, а в готелі вас чекають всі умови для відпочинку.', 4, 25);

INSERT INTO voucher_1 (name_vaucher, id_hotel, duration, id_tour_type, id_transport, description, id_food, seats) VALUES
('Римська класика', 11, 14, 2, 3, 'Відчуйте дух античного Риму, прогулявшись по Колізею, Пантеону та Ватикану. Протягом цього туру ви відвідаєте найвідоміші пам\'ятки і насолодитесь середземноморською кухнею. Подорож літаком зробить вашу поїздку швидкою та комфортною.', 2, 30);

INSERT INTO voucher_1 (name_vaucher, id_hotel, duration, id_tour_type, id_transport, description, id_food, seats) VALUES
('Калейдоскоп міст США', 2, 15, 2, 3, 'Відвідайте Нью-Йорк, Лос-Анджелес та Чикаго за один тур! У кожному з цих великих міст вас чекають незабутні екскурсії, захоплюючі архітектурні ансамблі та культурні пам\'ятки. Літак допоможе швидко та зручно переміщатись між містами, а в готелях вас чекає комфорт та зручність.', 3, 20);

INSERT INTO voucher_1 (name_vaucher, id_hotel, duration, id_tour_type, id_transport, description, id_food, seats) VALUES
('Новорічна Казка в Австрії', 7, 7, 1, 4, 'Проведіть новорічні свята в серці Європи — Австрії! Ви побуваєте в красивих містах, таких як Відень та Зальцбург, і зможете насолодитись новорічними ярмарками, чудовою атмосферою та неперевершеними сніговими пейзажами. Транспорт — автомобіль, що дозволить зручно подорожувати по країні.', 1, 15);

INSERT INTO voucher_1 (name_vaucher, id_hotel, duration, id_tour_type, id_transport, description, id_food, seats) VALUES
('Італійське підкорення', 11, 10, 2, 3, 'Відкрийте для себе культуру та історію Італії в Римі, Мілані та Флоренції. Італійська кухня, модні магазини та архітектурні чудеса чекають на вас! Переміщення між містами здійснюється літаком.', 2, 25);

INSERT INTO voucher_1 (name_vaucher, id_hotel, duration, id_tour_type, id_transport, description, id_food, seats) VALUES
('Тур по Японії', 8, 10, 2, 3, 'Відвідайте Токіо та Осака, відчуйте унікальну атмосферу японських садів, храмів та сучасних районів. Протягом туру ви поринете в японську культуру, а також зможете насолодитись традиційною японською кухнею. Літак забезпечить комфортну подорож.', 3, 30);

INSERT INTO voucher_1 (name_vaucher, id_hotel, duration, id_tour_type, id_transport, description, id_food, seats) VALUES
('Скандинавські пригоди', 23, 10, 2, 3, 'Тур по містах Скандинавії: відвідайте Осло, Стокгольм та Копенгаген. Вас чекають чудові архітектурні пам\'ятки, старовинні церкви, сніжні пейзажі та чудові музеї. Літаком ви зможете швидко переміщатися між містами.', 1, 25);

INSERT INTO voucher_1 (name_vaucher, id_hotel, duration, id_tour_type, id_transport, description, id_food, seats) VALUES
('Тур по Великій Британії', 23, 7, 2, 4, 'Прогуляйтесь по старовинним вулицям Лондона, відвідайте Оксфорд і Кембридж. Цей тур дозволить вам насолодитися атмосферою Великої Британії, її історією та культурою. Комфортний автомобіль дозволить вам зручно подорожувати по країні.', 2, 20);

INSERT INTO voucher_1 (name_vaucher, id_hotel, duration, id_tour_type, id_transport, description, id_food, seats) VALUES
('Австралійські пригоди', 3, 14, 1, 4, 'Відкрийте для себе Австралію! Мельбурн, Сідней, Великий Бар\'єрний риф — все це чекає на вас у рамках цього захоплюючого туру. Ви матимете можливість поринути в культуру австралійських міст і насолодитись чудовими пляжами. Транспорт: автомобіль, що надасть зручний спосіб подорожувати.', 4, 20);

INSERT INTO voucher_1 (name_vaucher, id_hotel, duration, id_tour_type, id_transport, description, id_food, seats) VALUES
('Грецькі канікули', 11, 7, 1, 5, 'Проведіть незабутній відпочинок на грецьких островах, де вас чекають чисті пляжі та тепле море. Скуштуйте смачні страви середземноморської кухні та насолоджуйтесь теплим сонцем на узбережжі. Комфортний корабель доставить вас на кожен острів.', 4, 30);

INSERT INTO voucher_1 (name_vaucher, id_hotel, duration, id_tour_type, id_transport, description, id_food, seats) VALUES
('Мексиканська феєрія', 14, 14, 1, 5, 'Відчуйте колорит Мексики! Відвідайте Мехіко, Гвадалахару та Канкун, насолоджуйтесь місцевими традиціями, культурою та кухнею. Корабель доставить вас до чудових пляжів Канкуна, де ви зможете відпочити та насолодитись морем.', 3, 20);

INSERT INTO voucher_1 (name_vaucher, id_hotel, duration, id_tour_type, id_transport, description, id_food, seats) VALUES
('Швейцарська розкіш', 23, 10, 2, 4, 'Відкрийте для себе Швейцарію з її горами, озерами та чудовими містами. Протягом цього туру ви відвідаєте Цюріх, Люцерн і Женеву, а також побачите на власні очі найкрасивіші природні пейзажі. Транспорт: автомобіль.', 2, 25);

INSERT INTO voucher_2 (id_trip, start_date, end_date, Price) VALUES
(3, '2025-05-15', '2025-05-18', 12500.00),
(3, '2025-07-10', '2025-07-20', 12000.00),
(3, '2025-12-05', '2025-12-15', 10000.00),
(4, '2025-09-05', '2025-09-19', 15000.00),
(4, '2025-12-20', '2025-12-30', 13000.00),
(5, '2025-08-01', '2025-08-13', 25000.00),
(6, '2025-12-15', '2025-12-20', 8500.00);

INSERT INTO voucher_2 (id_trip, start_date, end_date, Price) VALUES
(7, '2025-07-01', '2025-07-09', 10500.00),
(7, '2025-11-05', '2025-11-12', 9000.00),
(9, '2025-07-20', '2025-07-27', 9300.00),
(9, '2025-11-10', '2025-11-17', 8000.00),
(10, '2025-07-20', '2025-07-27', 9300.00),
(11, '2025-11-10', '2025-11-17', 8000.00),
(11, '2025-06-21', '2025-06-24', 5700.00),
(12, '2025-12-01', '2025-12-07', 13000.00),
(12, '2025-07-15', '2025-07-25', 13000.00),
(13, '2025-12-20', '2025-12-27', 8800.00),
(13, '2025-08-10', '2025-08-15', 8800.00),
(13, '2025-11-01', '2025-11-05', 7500.00),
(14, '2025-10-01', '2025-10-14', 15800.00),
(15, '2025-11-10', '2025-11-17', 8000.00),
(16, '2025-06-21', '2025-06-24', 5700.00);


INSERT INTO discount (discount_name, percentage) VALUES
('Раннє бронювання', 10.00),
('Знижка для дітей до 12 років', 15.00),
('Сімейна знижка', 12.50),
('Знижка для людей від 60 років', 20.00),
('Акційна пропозиція', 5.00);

INSERT INTO booking (id_tourist, id_voucher, id_employee, booking_date, people_count, id_discount) VALUES
(1, 3, 3, '2025-04-10 10:30:00', 2, 1),
(2, 3, 2, '2025-04-12 15:45:00', 1, NULL),
(3, 4, 2, '2025-04-15 12:10:00', 3, 3),
(4, 5, 4, '2025-04-18 09:00:00', 1, 2),
(5, 5, 3, '2025-04-20 16:20:00', 2, NULL),
(6, 6, 2, '2025-04-21 11:00:00', 1, 2),
(7, 7, 2, '2025-04-22 14:45:00', 2, NULL),
(7, 4, 3, '2025-04-22 14:45:00', 2, NULL),
('10', '18', 2, '2025-04-06 17:20:00', 2, null),
('6', '18', 3, '2025-03-15 12:00:00', 2, '1'),
('9', '18', 4, '2025-05-18 09:15:00', 1, null);

INSERT INTO authorization (id_employee, login, `password`) VALUES  
  (1, 'rudenkogid', '8754De2'),  
  (2, 'czuparsky', 'Czup2334'),  
  (3, 'murshef', 'headmaster'),  
  (4, 'andrij', '2235hehe');